101,Smith,John,john.smith@example.com
102,Johnson,Lisa,lisa.johnson@example.com
103,Williams,David,david.williams@example.com
104,Brown,Emily,emily.brown@example.com
105,Jones,Michael,michael.jones@example.com
106,Davis,Sarah,sarah.davis@example.com
107,Miller,James,james.miller@example.com
108,Wilson,Olivia,olivia.wilson@example.com
109,Moore,William,william.moore@example.com
110,Taylor,Emma,emma.taylor@example.com
111,Anderson,Robert,robert.anderson@example.com
112,Thomas,Ava,ava.thomas@example.com
113,Jackson,Matthew,matthew.jackson@example.com
114,White,Sophia,sophia.white@example.com
115,Harris,Christopher,christopher.harris@example.com
116,Martin,Grace,grace.martin@example.com
117,Thompson,Joseph,joseph.thompson@example.com
118,Garcia,Chloe,chloe.garcia@example.com
119,Martinez,Andrew,andrew.martinez@example.com
120,Robinson,Oliver,oliver.robinson@example.com
121,Clark,Mia,mia.clark@example.com
122,Rodriguez,Ethan,ethan.rodriguez@example.com
123,Lewis,Charlotte,charlotte.lewis@example.com
124,Lee,David,david.lee@example.com
125,Walker,Hannah,hannah.walker@example.com
126,Hall,Liam,liam.hall@example.com
127,Young,Isabella,isabella.young@example.com
128,Allen,Michael,michael.allen@example.com
129,Hernandez,Sophie,sophie.hernandez@example.com
130,King,Nicholas,nicholas.king@example.com
131,Wright,Grace,grace.wright@example.com
132,Lopez,Lucas,lucas.lopez@example.com
133,Hill,Ava,ava.hill@example.com
134,Scott,William,william.scott@example.com
135,Green,Emily,emily.green@example.com
136,Adams,Daniel,daniel.adams@example.com
137,Baker,Ella,ella.baker@example.com
138,Gonzalez,James,james.gonzalez@example.com
139,Nelson,Sophia,sophia.nelson@example.com
140,Carter,Andrew,andrew.carter@example.com
